Material,Material Description,Lead Time
ENABM1000-BLK20000,BARIASTAR BM-1000,18
ENABM100B-BLK02500,BARIASTAR BM-1000B,18
ENAOM1050-BLK20000,BARIASTAR OM-1050,18
ENAOM105B-BLK02500,BARIASTAR OM-1050B,18
ENCH10600-DR000200,HOPELON-106,18
ENCH3150B-BLK01000,HOPELON-3150B,18
ENF15CT00-DR000200,ALMATEX 15CT,18
ENF5446TT-DR000200,ALMATEX L5446TT,18
ENF555ET0-DR000200,ALMATEX 555ET,18
ENF719T00-DR000200,ALMATEX 719KT,18
ENF750T00-DR000200,ALMATEX 750T,18
ENF784000-DR000200,ALMATEX 784,18
ENF785500-DR000200,"ALMATEX 785-5,ALMATEX 7855",18
ENF787000-DR000200,ALMATEX 787,18
ENF788G00-DR000200,ALMATEX 788G,18
ENF792FT0-DR000200,ALMATEX 792FT,18
ENFB303T0-DR000200,ALMATEX B303T,18
ENFB310T0-DR000200,ALMATEX B310T,18
ENFB34100-DR000200,ALMATEX B341,18
ENFC11700-DR000200,ALMATEX C117,18
ENFC118T0-DR000200,ALMATEX C118T,18
ENFC20100-DR000200,ALMATEX C201,18
ENFC20200-DR000200,ALMATEX C202,18
ENFC20700-DR000200,ALMATEX C207,18
ENFC21300-DR000200,ALMATEX C213,18
ENFC40800-DR000200,ALMATEX C408,18
ENFCP9950-DR000200,ALMATEX CP99-5,18
ENFCP9990-DR000200,ALMATEX CP999,18
ENFKH113T-DR000200,ALMATEX KH113(T),18
ENFKH210T-DR000200,ALMATEX KH210(T),18
ENFKT1000-DR000200,ALMATEX KT-1,18
ENFL10010-BLK09000,ALMATEX L1001,18
ENFL10010-DR000180,ALMATEX L1001,18
ENFL10010-DR000200,ALMATEX L1001,18
ENFL10020-DR000190,ALMATEX L1002,18
ENFL10020-DR000200,ALMATEX L1002,18
ENFL1044S-DR000200,ALMATEX L1044S,18
ENFL1093T-DR000200,ALMATEX L1093T,18
ENFL20010-DR000200,ALMATEX L2001,18
ENFL20580-DR000200,ALMATEX L2058,18
ENFL2093T-DR000200,ALMATEX L2093T,18
ENFL5446T-DR000200,ALMATEX L5446T,18
ENFL7003T-DR000200,ALMATEX L7003T,18
ENFL8180C-DR000200,ALMATEX L8180CT,18
ENFL90900-DR000200,ALMATEX L9090,18
ENFL9092B-DR000200,ALMATEX L9092BT,18
ENFNT1431-DR000200,NT4-31E,18
ENFNT15U3-DR000200,ALMATEX NT15U-31,18
ENFP64600-DR000200,ALMATEX P646,18
ENFP662BT-DR000200,ALMATEX P662BT,18
ENFPD6000-KY000200,ALMATEX PD6600,18
ENFR50790-DR000200,ALMATEX R5-079,18
ENFR5089H-DR000200,ALMATEX R5-089H,18
ENFR5099T-DR000200,ALMATEX R5-099T,18
ENFTL2160-DR000200,ALMATEX TL-216,18
ENFXA5650-DR000200,ALMATEX XA565,18
ENG1140SD-BLK01000,ALMATEX-SE1140SD,18
ENG1140SD-DR000200,ALMATEX-SE1140SD,18
ENG5087SE-DR000200,ALMATEX-A-5087SE,18
ENGA264FT-DR000200,ALMATEX E264FT,18
ENGAL2500-BLK01000,ALMATEX-A-250,18
ENGAL2500-DR000200,ALMATEX-A-250,18
ENGAL2600-BLK01000,ALMATEX-A-260,18
ENGAL2600-DR000200,ALMATEX-A-260,18
ENGAL2870-DR000200,ALMATEX-A-287,18
ENGAL2890-BLK01000,ALMATEX-A-289,18
ENGAL2890-DR000200,ALMATEX-A-289,18
ENGAL289E-DR000200,ALMATEX-A-289(EX),18
ENGAL2910-BLK01000,ALMATEX-A-291,18
ENGAL2910-DR000200,ALMATEX-A-291,18
ENGAL2920-DR000200,ALMATEX-A-292,18
ENGAL583W-BLK01000,ALMATEX-A-583W,18
ENGAL583W-DR000200,ALMATEX-A-583W,18
ENGAL9009-BLK01000,ALMATEX-A-9009,18
ENGAL9009-DR000100,ALMATEX-A-9009,18
ENGAL9009-DR000200,ALMATEX-A-9009,18
ENGAL9037-DR000200,ALMATEX-A-9037,18
ENGAL9039-BLK01000,ALMATEX-A-9039,18
ENGAL9039-BLK02500,ALMATEX-A-9039,18
ENGAL9039-DR000200,ALMATEX A-9039,18
ENGAL9085-DR000200,ALMATEX A-9085,18
ENGAL9086-DR000200,ALMATEX-A-9086,18
ENGALA297-DR000200,ALMATEX-A-297,18
ENGALE156-DR000200,ALMATEX E156,18
ENGALZ116-DR000200,ALMATEX Z116,18
ENGSE2013-BLK01000,ALMATEX SE 2013,18
ENGSE2013-DR000200,ALMATEX SE 2013,18
ENGSE2013-DRN00120,ALMATEX SE 2013,18
ENGSE2615-DR000200,ALMATEX SE261-50,18
ENGSE2620-DR000200,ALMATEX SE262,18
ENGSE262N-DR000200,ALMATEX SE262N,18
ENGSE263N-DR000200,ALMATEX SE263N,18
ENGSE3100-BLK01000,ALMATEX SE310,18
ENGSE3100-BLK20000,ALMATEX SE310,18
ENGSE3100-DR000200,ALMATEX SE310,18
ENGSE310B-BLK20000,ALMATEX SE310B,18
ENGWA159N-BLK01000,ALMATEX WA159N1,18
ENGWA159N-DR000200,ALMATEX WA159N1,18
ENJ843AT0-DR000200,ALMATEX 843AT,18
ENJAO5290-DR000200,OLESTER AO-529,18
ENJAO5490-DR000200,OLESTER AO-549,18
ENJBVAP50-DR000200,OLESTER BV-APO-50X,18
ENJBWT028-DR000200,OLESTER BWT-028,18
ENJQ16600-DR000200,OLESTER Q166,18
ENJQ17090-DR000200,OLESTER Q1709,18
ENJQ171X0-DR000200,OLESTER Q171X,18
ENJQ193X0-DR000200,OLESTER Q193X,18
ENJQ197T0-DR000200,OLESTER Q197T,18
ENJQ266T0-DR000200,OLESTER Q266T,18
ENJQ530W0-DR000200,OLESTER Q530W,18
ENJQ580ET-DR000200,OLESTER Q580ET,18
ENJQ618BT-DR000200,OLESTER Q618BT,18
ENJQ70000-DR000200,OLESTER Q700,18
ENJQ70400-DR000200,OLESTER Q704,18
ENJQ93T00-DR000200,OLESTER Q93T,18
ENJQB1528-DR000200,OLESTER QB1528T,18
ENJQB5100-DR000200,OLESTER QB510,18
ENJQB529T-DR000200,OLESTER QB529T,18
ENJQB540T-DR000200,OLESTER QB540T,18
ENJQC300G-DR000200,OLESTER QC300G,18
ENJQC4120-DR000200,OLESTER QC412,18
ENJQC414T-DR000200,OLESTER QC414T,18
ENJQC4175-DR000200,OLESTER QC417-5,18
ENJQC418A-DR000200,OLESTER QC418AT,18
ENJQC418H-DR000200,OLESTER QC418HT,18
ENJQC560E-DR000200,OLESTER QC560E,18
ENJQC801T-DR000200,OLESTER QC801T,18
ENJQM1526-DR000200,OLESTER  QM1526,18
ENJQM1527-DR000200,OLESTER QM1527T,18
ENJQM5240-DR000200,OLESTER QM524,18
ENJQM5320-DR000200,OLESTER QM532,18
ENJQM5327-DR000200,OLESTER QM5327T,18
ENJQM743B-DR000200,OLESTER QM743BT,18
ENJQR2020-DR000200,OLESTER QR202,18
ENJQR203A-DR000200,OLESTER QR203AT,18
ENJQR331T-DR000200,OLESTER QR331T,18
ENJRA1353-CN000160,OLESTER RA1353,18
ENJRA1353-DR000200,OLESTER RA1353,18
ENJRA4500-CN000200,OLESTER RA4500,18
ENJRA4500-DR000180,OLESTER RA4500,18
ENJSQ1034-DR000200,OLESTER SQ103-4,18
ENJSQ1930-DR000200,OLESTER SQ193,18
ENK858000-DR000180,EPOKEY 858,18
ENK858000-DR000200,EPOKEY 858,18
ENK868000-CN000018,EPOKEY 868,18
ENK868000-DR000180,EPOKEY 868,18
ENKEPO877-CN000016,EPOKEY 877,18
ENKEPO877-DR000180,EPOKEY 877,18
ENKEPO905-DR000180,EPOKEY 905,18
ENR10MH-S-DR000200,U-VAN 10 MH-S,18
ENR10RS00-DR000200,U-VAN 10RS,18
ENR110T00-DR000200,U-VAN 110T,18
ENR122000-DR000200,U-VAN 122,18
ENR128000-DR000200,U-VAN 128,18
ENR136HV0-DR000200,U-VAN 136HV,18
ENR13T000-BLK20000,U-VAN 13T,18
ENR13T000-DR000200,U-VAN 13T,18
ENR13T000-DR001200,U-VAN 13T,18
ENR202000-DR000200,U-VAN 2020,18
ENR20AT00-DR000200,U-VAN 20AT,18
ENR20L65A-DR000200,U-VAN 20LS65A,18
ENR20N600-DR000200,U-VAN 20N60,18
ENR20SBEH-DR000200,U-VAN 20SB2EH,18
ENR20SE65-DR000200,U-VAN 20SE65,18
ENR220000-DR000200,U-VAN 220,18
ENR225000-DR000200,U-VAN 225,18
ENR236HV0-DR000200,U-VAN 236HV,18
ENR286000-DR000200,U-VAN 28-60,18
ENR2865EH-DR000200,U-VAN 28-65EHT,18
ENR36T000-DR000200,U-VAN 36T,18
ENR48B000-DR000200,U-VAN 48B,18
ENR602000-DR000200,U-VAN 6020,18
ENR60R000-DR000200,U-VAN 60R,18
ENR622000-DR000200,U-VAN 6220,18
ENR62E000-DR000200,U-VAN 62E,18
ENR925T70-DR000200,U-VAN 925T-70,18
ENRAO4290-DR000200,U-VAN AO429,18
ENRCAT600-KY000200,Catalyst 6000,18
ENRM63T00-DR000200,U-VAN M63T,18
ENRM67T00-CN000018,U-VAN M67T,18
ENRM67T00-DR000200,U-VAN M67T,18
ENRMB20T0-DR000200,U-VAN MB20T,18
ENRMB30T0-DR000200,U-VAN MB30T,18
ENRMB35T0-RD000200,U-VAN MB35T,18
ENRMB51EH-DR000200,U-VAN MB51EHT,18
EQFA100XX-KY000170,CHEMIPEARL A100,18
EQFS100XX-CN000017,CHEMIPEARL S-100,18
EQFS500XX-CN000017,CHEMIPEARL S-500,18
EQFV200XX-CN000017,CHEMIPEARL V-200,18
EQFW300XX-CN000170,CHEMIPEARL W-300,18
EQFW300XX-DR000190,CHEMIPEARL W-300,18
EQFW300XX-KY000170,CHEMIPEARL W-300,18
EQFW400XX-DR000190,CHEMIPEARL W400,18
EQFW400XX-DR000200,CHEMIPEARL W-400,18
EQFW500XX-CN000017,CHEMIPEARL W-500,18
ERAB5600E-BLK01200,STRUCT BOND BW-5600 (EX),18
ERAB5600E-KY000036,STRUCT BOND BW-5600 (EX),18
ERABW5600-BLK01000,STRUCT BOND BW-5600,18
ERABW5600-BLK01200,STRUCT BOND BW-5600,18
ERABW5600-DR000100,STRUCT BOND BW-5600,18
ERABW5600-KY000005,STRUCT BOND BW-5600,18
ERABW5600-KY000036,STRUCT BOND BW-5600,18
ERASB1124-DR000200,STRUCT BOND SB-1124,18
ERAVU8800-BLK01200,STRUCT BOND VU-880,18
ERAVU8800-DR000100,STRUCT BOND VU-880,18
ERAVU8800-KY000036,STRUCT BOND VU-880,18
ERAVU8920-BLK01000,STRUCT BOND VU-892,18
ERAVU8920-BLK01200,STRUCT BOND VU-892,18
ERAVU8920-KY000036,STRUCT BOND VU-892,18
ERAVU980-BLK001000,STRUCT BOND VU-980,18
ERAVU980-KY0000036,STRUCT BOND VU-980,18
ESA127NNN-DR002300,ESTAR R127NNN,18
ESA127NNR-DR000230,ESTAR R127NNN,18
ESA127PNR-DR000220,ESTAR R127TP(N),18
ESA127TPN-BLK01100,ESTAR R127TP(N),18
ESA127TPN-DR000220,ESTAR R127TP(N),18
ESA128NNN-DR000230,ESTAR R128NNN,18
ESA128NNR-DR000230,ESTAR R128NNN,18
ESA135NNN-BLK01150,ESTAR R135NNN,18
ESA135NNN-DR000230,ESTAR R135NNN,18
ESA135NNR-DR000230,ESTAR R135NNN,18
ESA136NNN-DR000230,ESTAR R136NNN,18
ESA139NNN-DR000230,ESTAR  R139NNN,18
ESA225PNR-DR000220,ESTAR RF225TP(N),18
ESA225TPN-DR000220,ESTAR RF225TP(N),18
ESA226TPN-DR000220,ESTAR RF226TPN,18
ESA235PNR-DR000220,ESTAR R235TP(N),18
ESA235PWR-DR000220,ESTAR R235TP(W),18
ESA235TPN-DR000220,ESTAR R235TP(N),18
ESA235TPW-DR000220,ESTAR R235TP(W),18
ESA289PNR-DR000220,ESTAR R289TP(N),18
ESA289TPN-DR000220,ESTAR R289TP(N),18
ESA3212WP-DR000220,POLYMAL 3212WP,18
ESA336HVR-DR000220,ESTAR R336HV,18
ESA581C0R-DR000230,ESTAR 581C,18
ESA582PTR-DR000220,ESTAR 582PT,18
ESA583C0R-DR000220,ESTAR 583C,18
ESA583C0R-DR000230,ESTAR 583C,18
ESA585PTR-DR000220,ESTAR 585PT,18
ESA585PWR-DR000220,ESTAR 585PTW,18
ESA586PTR-DR000220,ESTAR 586PT,18
ESA587PTR-DR000220,ESTAR 587PT,18
ESA588C0R-DR000230,ESTAR 588C,18
ESA610PTR-DR000210,POLYMAL 610PT,18
ESA610PTR-DR000220,POLYMAL 610PT,18
ESAC31500-BLK01100,ESTAR C315,18
ESAC31500-DR000220,ESTAR C315,18
ESAC3150R-DR000220,ESTAR C315,18
ESACP9950-DR000200,"ESTAR 607(606),ALMATEX CP99-5",18
ESACT1110-DR000230,ESTAR CT-111,18
ESACT111R-DR000230,ESTAR CT-111,18
ESAEM1160-KY000180,ESTAR EM116,18
ESAEM2300-CN000150,ESTAR EM23,18
ESAEMMA00-CN000150,ESTAR EM-MA,18
ESAEP430T-DR000180,ESTAR EP430T,18
ESAEP6500-CN000150,ESTAR EP65,18
ESAH6650T-DR000200,ESTAR H6650T,18
ESAH6651T-DR000200,ESTAR H6651T,18
ESAH6652P-DR000200,ESTAR H6652PT,18
ESAH6653P-DR000200,ESTAR H6653PT,18
ESAJTB214-PB000120,ESTAR JTB214NT,18
ESAMFE711P-DR00210,Vinyl ester resin MFE 711P,18
ESAR21100-CN000200,ESTAR R2110,18
ESAR21100-DR000200,ESTAR R2110,18
ESAR295T0-DR000220,ESTAR R295T,18
ESAR336HV-BLK01100,ESTAR R336HV,18
ESAR336HV-DR000220,ESTAR R336HV,18
ESARG3250-CN000200,ESTAR RG325,18
POLYETHER POLYOL Y,YD-4110      ,18
RKA010500-DR000200,ACRYLAX 0105,18
RKA101200-DR000200,ACRYLAX-1012,18
RKA101300-DR000200,ACRYLAX-1013,18
RKA101400-DR000200,ACRYLAX-1014,18
RKA105700-DR000080,ACRYLAX-1057,18
RKA105700-DR000200,ACRYLAX-1057,18
RKA106100-DR000200,ACRYLAX-1061,18
RKA106500-BLK01000,ACRYLAX-1065,18
RKA106500-DR000200,ACRYLAX-1065,18
RKA1301M0-DR000200,ACRYLAX-1301M,18
RKA1305H0-BLK01000,ACRYLAX-1305H,18
RKA1305H0-DR000200,ACRYLAX-1305H,18
RKA1306S0-BLK01000,ACRYLAX-1306S,18
RKA1311H1-DR000200,ACRYLAX-1311H-10,18
RKA1311H1-KY000020,ACRYLAX-1311H-10,18
RKA1312R0-DR000200,ACRYLAX-1312R,18
RKA1312S1-DR000200,ACRYLAX-1312S-10,18
RKA1312S1-KY000020,ACRYLAX-1312S-10,18
RKA180100-DR000100,ACRYLAX-1801,18
RKA220000-DR000200,ACRYLAX-2200,18
RKA220600-DRN00120,ACRYLAX-2206,18
RKA220700-DRN00120,ACRYLAX-2207,18
RKA220800-DRN00120,ACRYLAX-2208,18
RKA221100-DRN00120,ACRYLAX-2211,18
RKA221300-DR000100,ACRYLAX-2213,18
RKA221400-DRN00120,ACRYLAX-2214,18
RKA3341HB-BLK01000,ACRYLAX-3341HB,18
RKA3342SB-DR000200,ACRYLAX-3342SB-10,18
RKA3345P0-BLK06000,ACRYLAX-3345P,18
RKA3345P0-DR000200,ACRYLAX-3345P,18
RKA3351H1-DR000200,ACRYLAX-3351HB-10,18
RKA3351HB-DR000200,ACRYLAX-3351HB,18
RKA335500-DR000200,ACRYLAX-3355,18
RKA336100-BLK01000,ACRYLAX-3361,18
RKA336100-BLK06000,ACRYLAX-3361,18
RKA3701HV-DR000200,ACRYLAX-3701HV,18
RKA405000-DR000100,ACRYLAX-405,18
RKA415000-DR000200,ACRYLAX-415,18
RKA426000-DR000100,ACRYLAX-426,18
RKA431000-DR000100,ACRYLAX-431,18
RKA431000-DR000200,ACRYLAX-431,18
RKA450100-DR000200,ACRYLAX-4501,18
RKA502900-DR000100,ACRYLAX-5029,18
RKA504800-BLK01000,ACRYLAX-5048,18
RKA506000-DR000200,ACRYLAX-506,18
RKA508800-DR000100,ACRYLAX-5088,18
RKA701200-DR000200,ACRYLAX-7012,18
RKA701400-BLK01000,ACRYLAX 7014,18
RKA701400-DR000100,ACRYLAX 7014,18
RKA701400-DR000200,ACRYLAX 7014,18
RKA730700-DR000100,ACRYLAX-7307,18
RKA730700-DR000200,ACRYLAX 7307,18
RKA730900-BLK01000,ACRYLAX-7309,18
RKA730900-BX000020,ACRYLAX-7309,18
RKA731200-BX000020,ACRYLAX-7312,18
RKA731200-DR000100,ACRYLAX-7312,18
RKA731300-BLK01000,ACRYLAX-7313,18
RKA731300-BX000020,ACRYLAX-7313,18
RKA731300-DR000100,ACRYLAX-7313,18
RKA731400-DR000200,ACRYLAX-7314,18
RKA731700-BLK01000,ACRYLAX-7317,18
RKA731700-BX000020,ACRYLAX-7317,18
RKA750200-DR000200,ACRYLAX-7502,18
RKA850000-DR000200,ACRYLAX-85,18
RKA890600-BLK01000,ACRYLAX-8906,18
RKA890600-BLK02500,ACRYLAX-8906,18
RKA890600-DR000100,ACRYLAX-8906,18
RKA890600-DR000200,ACRYLAX-8906,18
RKA890700-BLK01000,ACRYLAX-8907,18
RKA890700-BLK02500,ACRYLAX-8907,18
RKA890700-DR000100,ACRYLAX-8907,18
RKA903300-BLK01000,ALMATEX-A-9033,18
RKA903300-DR000200,ALMATEX-A-9033,18
RKA9201H0-BLK01000,Acrylax-9201H,18
RKA9201H0-DR000200,ACRYLAX-9201H,18
RKA950900-BLK01000,ACRYLAX-9509,18
RKA950900-BLK02500,ACRYLAX-9509,18
RKA950900-DR000100,ACRYLAX-9509,18
RKA950900-DR000200,ACRYLAX-9509,18
RKA952100-DR000200,ACRYLAX-9521,18
RKA9612BT-BLK01000,ACRYLAX-9612BT,18
RKA9612BT-BLK06000,ACRYLAX-9612BT,18
RKA961300-BLK01000,ACRYLAX-9613,18
RKABEM100-BLK01000,BARIASTAR BEM-1,18
RKAGD282N-DR001000,ACRYLAX AGD-282N,18
RKAL0604T-BLK01000,ALMATEX-A-0604T,18
RKAL0604T-DR000200,ALMATEX-A-0604T,18
RKAL0604T-DR001000,ALMATEX-A-0604T,18
RKAL90100-DR000200,ALMATEX- 9010,18
RKALA9055-DR000100,ALMATEX-A-9055,18
RKALA9055-DR000200,ALMATEX-A-9055,18
RKALA9092-BLK01000,ALMATEX-A-9092,18
RKAST1500-DR000200,STYRAX-150,18
RKBB610CT-PB000120,PROMINATE BMST-610CT,18
RKBJTB210-PB000120,BMC JTB210,18
RKO10P117-BLK01200,10%POLY VINYL ALCOHOL 117S,18
RKO10P224-BLK01200,10%POLY VINYL ALCOHOL 224E,18
RKO20PGLO-DR000100,20%POLYVINYL ALCOHOL GL-05,18
RKOA120UH-PB000010,ACCOFLOC-A120UH,18
RKOA125UH-PB000010,ACCOFLOC-A125UH,18
RKOAC202A-PB000010,ACCURAC-202AS,18
RKOACA110-PB000010,ACCOFLOC-A110,18
RKOACA120-PB000010,ACCOFLOC-A120,18
RKOACC485-PB000015,ACCOFLOC-C485,18
RKOACC486-PB000015,ACCOFLOC-C486,18
RKOAE3130-CN000170,ARONFLOC E-3130,18
RKOAN926V-PB000025,POLYMER AN926VHM,18
RKOAN9450-PB000025,POLYMER AN945,18
RKOAN9500-PB000025,POLYMER AN95,18
RKOC492H0-PB000010,ACCOFLOC-C492H,18
RKOC495H0-PB000010,"ACCOFLOC-C-495H,ACCOFLOC-C-525H",18
RKODCJK50-KY000220,DRYCAT JK-50,18
RKODCJK70-KY000220,DRYCAT JK-70,18
RKODP3500-KY000220,DRYPON-350,18
RKOFL4420-DR000204,FL-4420,18
RKOFL4420-DR000210,FL-4420,18
RKOMOWIEM-DR000100,MOWILITH EM,18
RKOOT1035-DR000200,BARIASTAR OT-1035-1,18
RKOPC4850-PB000025,POLYMER C-485,18
RKOPFO419-PB000025,POLYMER FO4190SSH,18
RKOSBBSA4-DR000080,STARBOND-BSA 4,18
RKOSBFRPR-KY000200,STARBOND-FRP-RS,18
RKOSN500A-CN000250,SN-500A,18
RKOSN500B-CN000250,SN-500B,18
RKOSUNA30-DR000190,SUNSOFTER A-300,18
RKOSUNFX0-KY000200,SUNSOFTER FX,18
RKOSUNFX0-KY000280,SUNSOFTER FX,18
RKOUNP401-DR000170,UNISTOLE P-401,18
RKOUNP401-KY000170,UNISTOLE P-401,18
RKOUNP501-KY000170,UNISTOLE P-501,18
RKOUNP801-DR000170,UNISTOLE P801,18
RKOUNP801-KY000150,UNISTOLE P801,18
RKOUNP901-DR000170,UNISTOLE P901,18
RKOUNP901-KY000150,UNISTOLE P901,18
RKOWL250L-BX000200,WL 250L 033 CB,18
RKOXC2250-BLK01000,ACCOFLOC XC-225,18
RKOXC2250-KY000020,ACCOFLOC XC-225,18
RKP9762A0-DR000200,POLYMAL 9762A,18
RKP980200-DR000200,POLYMAL 9802,18
RKPR14100-DR000160,POLYMAL R141,18
RKUP55000-BLK01000,U-RAMIN P-5500,18
RKUP55000-DR000100,U-RAMIN P-5500,18
RKUP61020-BLK01000,U-RAMIN P-6102,18
RKUT30500-DR000100,U-RAMIN T-305,18
RKUT306H0-DR000200,U-RAMIN T-306H,18
RKUT30M00-DR000100,U-RAMIN T-30M,18
RKUT37800-DR000100,U-RAMIN T-3780,18
RKUT37HC0-DR000100,U-RAMIN T-37HC,18
RKUT37TN0-BLK01000,U-RAMIN T-37TN,18
RKUT80000-DR000200,U-RAMIN T-80,18
RKUT90000-DR000120,U-RAMIN T-90,18
RKUTF1000-BLK01000,U-RAMIN T-F-1,18
RKUTF1000-DR000100,U-RAMIN T-F-1,18
RKUTMQ000-DR000100,U-RAMIN T-MQ,18
RKUTP0000-DR000100,U-RAMIN T-P,18
RKUTP2000-DR000100,U-RAMIN T-P-2,18
RKUTP3000-DR000100,URAMIN T-P-3,18
RKUUVAMBP-DR000200,U-VAN MBP,18
RKV18B000-DR001000,VINYLAX-18B,18
RKV282B00-BLK01000,VINYLAX-282B,18
RKV282NS0-BLK01000,VINYLAX-282NS,18
RKV550100-BLK01000,VINYLAX-5501,18
RKV6045A0-BLK01000,VINYLAX-6045A,18
RKV6045A0-BX000020,VINYLAX-6045A,18
RKV6045A0-DR000100,VINYLAX-6045A,18
RKV6131N2-BLK01000,VINYLAX-6131N2,18
RKV6131N2-BX000020,VINYLAX-6131N2,18
RKV6131N3-BLK01000,VINYLAX-6131N3,18
RKV6131N3-BX000020,VINYLAX-6131N3,18
RKVB3200C-BLK01000,BONDWOOD-3200C,18
RKVB3200C-KY000036,BONDWOOD-3200C,18
RKVB3200E-DR000100,BONDWOOD-3200 (EX),18
RKVB3200E-KY000036,BONDWOOD-3200 (EX),18
RKVB3300C-BLK01000,BONDWOOD-3300C,18
RKVB3300C-KY000036,BONDWOOD-3300C,18
RKVBW1001-BX000020,BONDWOOD-1001,18
RKVBW1001-DR000100,BONDWOOD-1001,18
RKVBW3006-BLK01000,BONDWOOD-3006,18
RKVBW3006-BLK01200,BONDWOOD-3006,18
RKVBW3006-DR000100,BONDWOOD-3006,18
RKVBW3006-KY000036,BONDWOOD-3006,18
RKVBW3130-BLK01000,BONDWOOD-313,18
RKVBW3130-DR000100,BONDWOOD-313,18
RKVBW3130-KY000036,BONDWOOD-313,18
RKVBW3200-DR000100,BONDWOOD-3200 (IN),18
RKVBW3300-DR000100,BONDWOOD-3300,18
RKVBW3300-KY000036,BONDWOOD-3300,18
RKVPVA224-KY000020,15% PVA 224E,18
RKVV15IM0-DR000100,VINYLAX-15IM,18
RKVV22100-DR000100,VINYLAX-221,18
RKVV221G0-DR000100,VINYLAX-221G,18
RKVV25000-DR000100,VINYLAX-25,18
RKVV281L0-BLK01000,VINYLAX-281L,18
RKVV282L0-BLK01000,VINYLAX-282L,18
RKVV41000-DR000100,VINYLAX-41,18
RKVV60440-DR000100,VINYLAX-6044,18
RKVV60450-BLK01000,VINYLAX-6045,18
RKVV60450-BX000020,VINYLAX-6045,18
RKVV60450-DR000100,VINYLAX-6045,18
RKVV60460-BLK01000,VINYLAX-6046,18
RKVV60460-BX000020,VINYLAX-6046,18
RKVV61010-DR000100,VINYLAX-6101,18
RKVV61310-BX000020,VINYLAX-6131,18
RKVV61450-BLK01000,VINYLAX-6145,18
RKVV61450-BX000020,VINYLAX-6145,18
RKVV70600-DR000100,VINYLAX-706,18
RKVVSC032-BLK01000,VINYSOL-C-032,18
RKVVSC032-DR000200,VINYSOL-C-032,18
RKVVSC033-DR000200,VINYSOL-C-033,18
RKVVSC035-BLK01000,VINYSOL-C-035,18
RKVVSC33S-DR000200,VINYSOL-C-033S,18
UGGCUAMIN-DR000050,CUAMINE-M,18
UGGD101E0-CN000010,TAKENATE D-101E(45EA),18
UGGD101E0-CN000255,TAKENATE D-101E (45EA),18
UGGD101E0-CN000265,TAKENATE D-101E (45EA),18
UGGD101E0-CN000270,TAKENATE D-101E (45EA),18
UGGD101E0-CN000295,TAKENATE D101E (45EA),18
UGGD110N0-CN000020,TAKENATE D110N,18
UGGD140N0-CN000001,TAKENATE D-140N,18
UGGD140N0-CN000018,TAKENATE D-140N,18
UGGD140N0-CN000020,TAKENATE D-140N,18
UGGD20400-DR000200,TAKENATE D204,18
UGGD204T0-DR000220,TAKENATE D-204T,18
UGGD204T3-DR000220,TAKENATE D-204T-3,18
UGGD26800-DR000200,TAKENATE D268,18
UGGD26800-DR000220,TAKENATE D268,18
UGGD268T0-DR000220,TAKENATE D-268T,18
UGGEMT210-ST000001,EPOXISELF MORTAR MT21,18
UGGESL210-ST000001,EPOXISELF SL21,18
UGGGREEN0-CN000020,SUNPREN GREEN 4GU     ,18
UGGI12000-CN000030,TAKENATE I-1200,18
UGGI30000-CN000026,TAKENATE I-3000,18
UGGI30000-CN000200,TAKENATE I-3000,18
UGGI3072M-CN000050,TAKENATE I-3072M,18
UGGI50000-CN000060,TAKENATE I-5000,18
UGGI50000-DR000200,TAKENATE A-5(I-5000),18
UGGI50500-CN000020,TAKENATE I-5050,18
UGGI52000-CN000020,TAKENATE I-5200,18
UGGI93000-CN000180,TAKENATE I9300,18
UGGL62000-DR000210,NIAX SILICONE L-620,18
UGGL6200R-CN000020,NIAX SILICONE L-620,18
UGGL75000-DR000240,TAKANATE L75,18
UGGL75T00-DR000240,TAKENATE L75T,18
UGGMA1025-CN000020,MA 1025 (Heptane Mixture),18
UGGMOCAHR-DR000050,MOCA-HR,18
UGGMP20A0-DR000200,PIVAR MP20A,18
UGGMP20A0-KY000200,PIVAR MP20A,18
UGGNS1000-DR000200,ACTCOL NS-100,18
UGGPP3210-CN000150,TAKELAC PP-3210,18
UGGRED000-CN000020,SUNPREN RED 2 BR       ,18
UGGT9690V-DR000018,TAKELAC PP-9690V,18
UGGT9690V-DR000200,TAKELAC PP-9690V,18
UGGTP3100-CN000160,TAKELAC PP-3100,18
UGGTP5250-CN000180,TAKELAC PP-5250,18
UGGTP6210-CN000018,TAKELAC PP-6210,18
UGGTP6260-CN000160,TAKELAC PP-6260,18
UGGTP9530-CN000180,TAKELAC PP9530,18
UGGTP9770-CN000180,TAKELAC PP-9770,18
UGGVASELI-DR000165,VASELINE,18
UGGWPB341-CN000016,TAKELAC WPB-341,18
UGGWPB341-DR000180,TAKELAC WPB-341,18
UGGWSR145-DR000190,WSR-145,18
UGGWSR415-DR000190,WSR-415,18
UGM121THB-DR000250,TUF-121TH-B,18
UGM125B00-DR000200,COSMONATE TUF-125B,18
UGMAX662T-CN000018,HIPRENE AX-662,18
UGMC400HW-DR000250,COSMONATE MC-400HW,18
UGMCG1125-DR000230,COSMONATE CG-1125,18
UGMCG1125-DR000250,COSMONATE CG-1125,18
UGMCG3200-DR000230,COSMONATE CG-3200,18
UGMCM1000-DR000250,COSMONATE M-100,18
UGMCM2000-DR000020,ISOCYANATE(COSMONATE M-200),18
UGMCM2000-DR000050,COSMONATE M-200,18
UGMCM2000-DR000070,COSMONATE M-200,18
UGMCM2000-DR000100,COSMONATE M-200,18
UGMCM2000-DR000150,COSMONATE M-200,18
UGMCM2000-KY000010,COSMONATE M-200,18
UGMCM2000-KY000050,COSMONATE M-200,18
UGMCM2000-KY000054,COSMONATE M-200,18
UGMCM200J-DR000250,ISOCYANATE(COSMONATE M-200),18
UGMCM200K-DR000250,COSMONATE M-200,18
UGMCM200R-DR000020,ISOCYANATE(COSMONATE M-200),18
UGMCM200R-DR000050,COSMONATE M-200,18
UGMCM200R-DR000070,COSMONATE M-200,18
UGMCM200R-DR000100,COSMONATE M-200,18
UGMCM200R-DR000150,COSMONATE M-200,18
UGMCM200R-KY000010,COSMONATE M-200,18
UGMCM200R-KY000050,COSMONATE M-200,18
UGMCM200R-KY000054,COSMONATE M-200,18
UGMCM200W-DR000250,COSMONATE M-200W,18
UGMCMC120-DR000250,COSMONATE MC-120,18
UGMCMC400-DR000250,COSMONATE MC-400,18
UGMCMC73C-KY000018,COSMONATE MC-73,18
UGMCMC73D-DR000200,COSMONATE MC-73,18
UGMCMC85K-DR000230,COSMONATE MC-85,18
UGMCOM400-DR000250,COSMONATE M-400,18
UGMCOPM33-CN000020,COSMONATE PM-33,18
UGMCOSHXR-GL000006,COSMONATE-H(X),18
UGMCOSLLR-CN000018,COSMONATE LL,18
UGMCOSMHL-DR000250,COSMONATE HL,18
UGMCOSMHX-DR000250,COSMONATE-H(X),18
UGMCOSMLL-DR000250,COSMONATE-LL,18
UGMCOSMOH-DR000250,COSMONATE-H,18
UGMCOSMSA-KY000050,ISOCYANATE(COSMONATE-SA),18
UGMCOSMSA-KY000054,ISOCYANATE(COSMONATE-SA),18
UGMCOSMST-DR000250,COSMONATE ST,18
UGMCOSPHJ-DR000225,COSMONATE-PH,18
UGMCOSPHK-CN000010,COSMONATE-PH,18
UGMCOSPHK-DR000225,COSMONATE-PH,18
UGMCOSTBM-DR000250,COSMONATE TBM,18
UGMCOSTPM-DR000250,COSMONATE-TPM,18
UGMCOSTTM-DR000250,COSMONATE-TTM,18
UGMCOTBMT-DR000250,COSMONATE TBM,18
UGMCOTPMD-DR000250,COSMONATE TPM(D),18
UGMCOTTMX-DR000250,COSMONATE-TTM(X),18
UGMCSR550-DR000250,COSMONATE SR-550,18
UGMEP505S-DR000200,ACTCOL EP-505(S),18
UGML12700-CN000001,TAKENATE L-1270,18
UGML1270C-CN000018,TAKENATE L-1270C,18
UGML1280C-CN000018,TAKENATE L-1280C,18
UGML1280C-DR000200,TAKENATE L-1280C,18
UGML1285C-CN000018,TAKENATE L-1285C,18
UGML1290C-CN000018,TAKENATE L-1290C,18
UGML1295C-CN000018,TAKENATE L-1295C,18
UGMMC120K-DR000250,COSMONATE MC-120,18
UGMMC1569-DR000250,THAMATE MC-1569,18
UGMMC3000-DR000230,COSMONATE MC-30,18
UGMMC400H-DR000250,OSMONATE MC-400H,18
UGMMC400K-DR000250,COSMONATE MC-400,18
UGMMC400T-DR000250,THAMATE MC-400T,18
UGMMC4600-DR000250,THAMATE MC-460,18
UGMMC460K-DR000250,COSMONATE MC-460,18
UGMMC7400-DR000220,COSMONATE MC-74,18
UGMMC8500-DR000230,COSMONATE MC-85,18
UGMMC8900-DR000230,THAMATE MC-89,18
UGMMM0230-DR000250,COSMONATE MM-023,18
UGMMM0900-DR000200,COSMONATE MM-09,18
UGMMR2000-DR000250,MILLIONATE MR-200,18
UGMPM2000-DR000250,WANNATE PM-200,18
UGMPM3500-DR000250,COSMONATE PM-35,18
UGMT6490A-CN000018,TAKENATE XL-6490A,18
UGMTAF610-CN000018,TAKENATE F-610,18
UGMTAF620-CN000018,TAKENATE F-620,18
UGMTAK600-DR000220,TAKENATE 600,18
UGMTD160N-CN000018,TAKENATE D-160N,18
UGMTD165N-CN000018,TAKENATE D-165N,18
UGMTF308M-CN000040,TAKENATE F-308M,18
UGMTL1020-CN000060,TAKENATE L-1020,18
UGMTL1156-CN000018,TAKENATE L-1156,18
UGMTL1158-CN000018,TAKENATE L-1158,18
UGMTL1170-CN000018,TAKENATE L-1170,18
UGMTL1290-CN000018,TAKENATE L-1290,18
UGMTL2690-CN000018,TAKENATE L-2690,18
UGMTL2695-CN000018,TAKENATE L-2695,18
UGMTL2705-CN000015,TAKENATE L-2705,18
UGMTL2705-CN000018,TAKENATE L-2705,18
UGMTL2710-CN000018,TAKENATE L-2710,18
UGMTL2760-CN000018,TAKENATE L-2760,18
UGMTL2761-CN000018,TAKENATE L-2761,18
UGMTL2785-CN000018,TAKENATE L-2785,18
UGMTM1209-DR000240,THAMATE-1209,18
UGMTM1315-DR000230,THAMATE-1315,18
UGMTM1552-DR000250,THAMATE-1552,18
UGMTM1556-DR000230,THAMATE-1556,18
UGMTM1722-DR000230,THAMATE-1722,18
UGMTM1788-DR000230,THAMATE-1788,18
UGMTSI990-CN000020,TAKENATE LSI-990,18
UGMTU125B-DR000230,COSMONATE TUF-125B,18
UGMTU125B-DR000250,COSMONATE TUF-125B,18
UGMWA8001-DR000225,WANNATE-8001,18
UGMWA8001-DR000240,WANNATE-8001,18
UGP030400-DR000200,XRF-0304,18
UGP121THA-DR000200,TUF-121TH-A,18
UGP121THA-DR000210,TUF-121TH-A,18
UGP125KTH-DR000200,Actcol TUF-125K(TH),18
UGP3000P2-DR000200,UF-3000-P2,18
UGPACD400-DR000200,ACTCOL D-400,18
UGPACD700-DR000200,ACTCOL D-700,18
UGPACL50B-BLK20000,L-50,18
UGPACL50D-DR000200,ACTCOL L-50,18
UGPACLR03-DR000200,ACTCOL LR-03,18
UGPACTP28-DR000200,ACTCOL P-28,18
UGPAD1000-DR000200,ACTCOL D-1000,18
UGPAD2000-DR000200,ACTCOL D-2000,18
UGPAD3000-DR000200,ACTCOL D-3000,18
UGPAF1441-DR000200,THAMOL AF-1441,18
UGPAF1501-DR000200,THAMOL AF-1501,18
UGPAF1501-DR000210,THAMOL AF-1501,18
UGPAF1502-DR000200,THAMOL AF-1502,18
UGPAF1502-DR000210,THAMOLAF-1502,18
UGPAF1555-DR000200,THAMOL AF-1555,18
UGPAF5950-DR000200,THAMOL AF-595,18
UGPAGR84T-DR000210,ACTCOL GR-84T,18
UGPAGR84T-DR000211,ACTCOL GR-84T,18
UGPAPOP93-DR000200,ACTCOL POP-93,18
UGPBA009A-BLK01200,BACK-009-A,18
UGPBA1568-DR000200,THAMOL BACK-1568,18
UGPBA1575-DR000200,Thamol Back-1575,18
UGPBHT133-DR000200,BHT-13%,18
UGPBK0090-BLK01000,BACK-009,18
UGPBK009A-BLK01000,BACK-009-A,18
UGPBU1009-DR000220,THAMOL BU-1009,18
UGPBU101L-DR000200,THAMOL BU-1001(L),18
UGPBU101L-DR000220,THAMOL BU-1001(L),18
UGPBU1498-DR000200,THAMOL BU-1498,18
UGPBU1611-DR000220,THAMOL BU-1611,18
UGPBU9080-DR000220,THAMOL BU-908,18
UGPBU908M-DR000220,THAMOL BU-908(M),18
UGPBU908S-DR000220,THAMOL BU-908(S),18
UGPBU9280-DR000220,THAMOL BU-928,18
UGPBU928S-DR000220,THAMOL BU-928(S),18
UGPBW1020-DR000200,THAMOL BW-1020,18
UGPC1005R-GL000010,THAMOL CR-1005,18
UGPC1005R-GL000020,THAMOL CR-1005,18
UGPC20301-DR000200,THAMOL CEP2030-1,18
UGPC20401-DR000200,THAMOL CEP2040-1,18
UGPC50601-DR000200,THAMOL CEP5060-1,18
UGPC5616S-DR000210,CARADOL SC56-16S,18
UGPC60381-DR000200,THAMOL CEP6038-1,18
UGPCAST30-CN000018,CATALYST ST-30,18
UGPCAT020-KY000020,CAT-02,18
UGPCFA601-KY000200,CFA-601,18
UGPCFA621-KY000200,CFA-621,18
UGPCFA661-KY000200,CFA-661,18
UGPCL1696-DR000200,THAMOL CL-1696,18
UGPCL1699-DR000200,THAMOL CL-1699,18
UGPCL1725-DR000200,THAMOL CL-1725,18
UGPCL1755-DR000200,THAMOL CL-1755,18
UGPCL1799-DR000200,THAMOL CL-1799,18
UGPCP1802-DR000200,THAMOL CP-1802,18
UGPCP2030-KY000020,CEP2030-1,18
UGPCP2040-KY000020,CEP2040-1,18
UGPCP5060-KY000020,CEP5060-1,18
UGPCR1005-DR000200,THAMOL CR-1005,18
UGPCS1520-DR000200,Thamol CS-1520,18
UGPCS1539-DR000200,THAMOL CS-1539,18
UGPCS1551-DR000200,THAMOL CS-1551,18
UGPCS1551-DR000210,THAMOL CS-1551,18
UGPCS1571-DR000200,THAMOL CS-1571,18
UGPCS1688-DR000200,THAMOL CS-1688,18
UGPCS1688-DR000210,THAMOL CS-1688,18
UGPCS5930-BLK01000,THAMOL CS-593,18
UGPCS593A-BLK01100,THAMOL CS-593-A,18
UGPCS8000-DR000200,THAMOL CS-800,18
UGPCU5930-BLK01100,THAMOL CS-593,18
UGPCUS101-BLK01000,HARD-101/CUSHION-101,18
UGPCYCLO1-DR000130,CYCLOPENTANE,18
UGPCYCLO2-DR000148,CYCLOPENTANE,18
UGPDABCT9-CN000025,DABCO T-9,18
UGPDB1020-DR000200,THAMOL-DB-102,18
UGPDB1020-KY000180,THAMOL DB-102,18
UGPDF2000-DR000200,POLYOL DF-2000,18
UGPDF3000-DR000200,POLYOL DF-3000,18
UGPDF4020-DR000210,DF-4020,18
UGPDS1844-DR000200,THAMOL DS-1844,18
UGPEPR140-DR000220,EPOMIK R140,18
UGPFC1414-DR000200,THAMOL FC-1414,18
UGPFLEXWA-DR000200,FLEX-W,18
UGPGR84TR-DR000210,ACTCOL GR-84T,18
UGPH10150-BLK01000,HARD-1015,18
UGPH1015A-BLK01000,HARD-1015-A,18
UGPH1015A-BLK01200,HARD-1015-A,18
UGPH14400-BLK01000,THAMOL HARD-1440,18
UGPHAR101-DR000210,HARD-101/CUSHION-101,18
UGPHAX616-CN000016,HIPRENE AX-616,18
UGPHAX662-CN000018,HIPRENE AX-662,18
UGPHD1440-BLK01100,THAMOL HARD-1440,18
UGPHL4560-DR000200,THAMOL HL-456,18
UGPHR1333-DR000200,THAMOL HR-1333,18
UGPHR1449-DR000200,THAMOL HR-1449,18
UGPHR1525-DR000200,THAMOL HR-1525,18
UGPHR7550-DR000200,THAMOL HR-755,18
UGPHR9030-DR000200,THAMOL HR-903,18
UGPHU36EX-CN000018,HIPRENE U-36EX,18
UGPIB1344-DR000220,THAMOL IB-1344,18
UGPIB6080-DR000200,THAMOL IB-608,18
UGPIF9020-DR000200,THAMOL IF-902,18
UGPIS1561-DR000200,THAMOL IS-1561,18
UGPIW1550-DR000200,THAMOL IW-1550,18
UGPLR0600-DR000200,ACTCOL LR-06,18
UGPLR1400-DR000200,THAMOL TLR-1400,18
UGPLR1403-DR000200,THAMOL TLR-1403,18
UGPLR1504-DR000200,THAMOL TLR-1504,18
UGPMA3050-DR000210,MA-3050,18
UGPMEOH0R-DR000160,Methyl Alcohol (MeOH)                  ,18
UGPMP1559-DR000200,THAMOL MP-1559,18
UGPMP2164-DR000200,MP-2164(D),18
UGPMS1563-DR000200,THAMOL MS-1563,18
UGPMS1742-DR000200,THAMOL MS-1742,18
UGPPC1776-DR000200,THAMOL PC-1776,18
UGPPC1777-DR000200,THAMOL PC-1777,18
UGPPC9100-CN000164,TAKELAC PC-9100S,18
UGPPC9200-CN000164,TAKELAC PC-9200S,18
UGPPE7020-DR000200,THAMOL PE-702,18
UGPPG1829-DR000200,THAMOL PG-1829,18
UGPPL1602-DR000210,THAMOL PL-1602,18
UGPPN1309-DR000220,THAMOL PN-1309,18
UGPPN1459-BLK01000,THAMOL PN-1459,18
UGPPN1508-DR000200,THAMOL PN-1508,18
UGPPN1513-DR000200,THAMOL PN-1513,18
UGPPN1590-DR000200,THAMOL PN-1590,18
UGPPN1617-DR000200,THAMOL PN-1617,18
UGPPN1633-DR000200,THAMOL PN-1633,18
UGPPN1673-DR000200,THAMOL PN-1673,18
UGPPN1757-DR000200,THAMOL PN-1757,18
UGPPN1782-DR000200,THAMOL PN-1782,18
UGPPN1815-DR000200,THAMOL PN-1815,18
UGPPN2830-DR000200,THAMOL PN-283,18
UGPPO3003-DR000210,POLIMAXX 3003,18
UGPPOLY12-CN000015,POLYCAT#12,18
UGPPOLYMM-DR000200,Polyol MM,18
UGPPP1527-DR000200,THAMOL PP-1527,18
UGPPP1529-DR000200,THAMOL PP-1529,18
UGPPP1693-DR000200,THAMOL PP-1693,18
UGPPP1724-DR000200,THAMOL PP-1724,18
UGPPP1727-DR000200,THAMOL PP-1727,18
UGPPP1895-DR000200,THAMOL PP-1895,18
UGPPR1007-DR000200,THAMOL PR-1007,18
UGPPR1307-DR000200,THAMOL PR-1307,18
UGPPR1759-DR000200,THAMOL PR-1759,18
UGPPRG00R-DR000195,Propylene Glycol  (PrG),18
UGPPS2980-DR000200,THAMOL PS-298,18
UGPPS4400-DR000200,THAMOL PS-440,18
UGPR1489D-BLK02500,THAMOL RG-1489(D),18
UGPR1489T-BLK01000,THAMOL RG-1489(T),18
UGPR1818D-BLK02500,THAMOL RG-1818(D),18
UGPRED2BR-CN000020,SUNPREN RED 2 BR,18
UGPRG1289-BLK02500,THAMOL RG-1289,18
UGPRG1406-DR000220,THAMOL RG-1406,18
UGPRG1489-BLK01000,THAMOL RG-1489,18
UGPRG1489-BLK02500,THAMOL RG-1489,18
UGPRG1585-DR000200,THAMOL RG-1585,18
UGPRG1678-BLK01000,THAMOL RG-1678,18
UGPRG1818-BLK01000,THAMOL RG-1818,18
UGPRG1818-BLK02500,THAMOL RG-1818,18
UGPRG5790-BLK02500,THAMOL RG-579,18
UGPRG579D-BLK02500,THAMOL RG-579(D),18
UGPRG7040-BLK01000,THAMOL RG-704,18
UGPRG704C-DR000200,THAMOL RG-704(CP),18
UGPRG704X-BLK01000,THAMOL RG-704(X),18
UGPS1113H-DR000200,THAMOL SK-1113H,18
UGPS1479B-DR000200,THAMOL SP-1479B,18
UGPSB1339-DR000220,THAMOL SB-1339,18
UGPSC1312-DR000200,THAMOL SC-1312,18
UGPSC1422-DR000200,THAMOL SC-1422,18
UGPSC1558-DR000200,THAMOL SC-1558,18
UGPSC1579-BLK01000,THAMOL SC-1579,18
UGPSC1675-DR000200,THAMOL SC-1675,18
UGPSC1683-DR000200,THAMOL SC-1683,18
UGPSC1839-DR000200,THAMOL SC-1839,18
UGPSC6120-DR000200,THAMOL SC-612,18
UGPSC8030-DR000220,THAMOL SC-803,18
UGPSD1485-BLK01000,THAMOL SD-1485,18
UGPSD1538-DR000200,THAMOL SD-1538,18
UGPSD9050-DR000200,THAMOL SD-905,18
UGPSK1113-DR000200,THAMOL SK-1113,18
UGPSK1113-DR000210,THAMOL SK-1113,18
UGPSK1562-DR000200,THAMOL SK-1562,18
UGPSK1805-DR000200,THAMOL SK-1805,18
UGPSK1834-DR000200,THAMOL SK-1834,18
UGPSL1515-DR000200,THAMOL SL-1515,18
UGPSL1533-DR000200,THAMOL SL-1533,18
UGPSL1544-DR000200,THAMOL SL-1544,18
UGPSL1599-DR000200,THAMOL SL-1599,18
UGPSL1619-DR000200,THAMOL SL-1619,18
UGPSL1628-DR000200,THAMOL SL-1628,18
UGPSL1632-DR000200,THAMOL SL-1632,18
UGPSL1686-DR000200,THAMOL SL-1686,18
UGPSL1713-DR000200,THAMOL SL-1713,18
UGPSL1733-DR000200,THAMOL SL-1733,18
UGPSL4910-DR000215,SL-491,18
UGPSP1479-DR000200,THAMOL SP-1479,18
UGPSP1479-DR000220,THAMOL SP-1479,18
UGPSP1549-DR000200,THAMOL SP-1549,18
UGPSP2620-DR000200,THAMOL-SP-262,18
UGPSP262N-DR000200,THAMOL SP-262(N),18
UGPSP3110-DR000200,THAMOL SP-311,18
UGPSR451R-DR000215,SR-451,18
UGPT2021B-CN000012,TAKELAC XLW-2021B(S),18
UGPT3000J-DR000200,ACTCOL T-3000S,18
UGPT3019B-CN000016,TAKELAC XLF-3019B-KBLU,18
UGPTAKP40-DR000200,TAKELAC P-40,18
UGPTHR755-DR000210,THAMOL HR-755,18
UGPTM1892-DR000250,THAMATE-1892,18
UGPTP1328-DR000200,THAMOL TP-1328,18
UGPTU125K-DR000210,ACTCOL TUF-125K(TH),18
UGPTU6230-CN000020,TAKELAC U-6230,18
UGPTU7065-CN000010,TAKELAC U-7065,18
UGPUF3000-DR000200,UF-3000-P,18
UGPV1205A-BLK01100,THAMOL VB-1205-A,18
UGPVANDAT-DR000200,Vanadate Solution,18
UGPVB1205-BLK01000,THAMOL VB-1205,18
UGPVB1205-BLK01100,THAMOL VB-1205,18
UGPVB4430-BLK01000,VB-443,18
UGPVB443A-BLK01000,VB-443-A,18
UGPVB443A-BLK01200,VB-443-A,18
UGPWM1388-DR000200,THAMOL WM-1388,18
UGPY56030-BLK21000,Y-5603,18
UGPY56030-DR000200,Y-5603,18
UGPY56030-DR000210,Y-5603,18
UGPY5603R-DR000200,Y-5603,18
UGPY5603R-DR000210,Y-5603,18
UGPY56130-BLK20000,Y-5613,18
UGPY56130-DR000210,Y-5613,18
UGPY75300-BLK21000,Y-7530,18
UGPY75300-DR000210,Y-7530,18
UGPY79300-DR000210,Y-7930,18
UGPY7930K-DR000210,Y-7930,18
UGTCOST65-DR000250,COSMONATE T-65,18
UGTCOST80-BLK25000,COSMONATE T-80,18
UGTCOST80-DR000250,COSMONATE T-80,18
UGTCOTM20-DR000250,COSMONATE TM-20,18
UGTCOTM30-DR000250,COSMONATE TM-30,18
UGTCOTM50-DR000250,COSMONATE TM-50,18
UGTKONT80-DR000250,KONNATE T-80,18
UGTT300JJ-DR000220,THAMATE PPG-300JJ,18
UGTTDI800-DR000250,TDI-80,18
UGTTDIBK0-BLK20000,TOLUENE DIISOCYANATE,18
UGTTDIDR0-DR000250,TOLUENE DIISOCYANATE,18
